primary_category,title,authors_str,year,seminal_reason,link,doi,source,all_categories,theme_tags,run_id
Agent Intellect (Nous Poietikos),Generation of Animals,Aristotle,-350,Introduced the concept that nous 'comes from without' (thurathen)—generated centuries of debate about whether human rational intellect has transcendent origin or emerges from natural processes,,,referenced in discussions of nous thurathen,Agent Intellect (Nous Poietikos) | Soul (Psyche) And Its Faculties,Agent intellect (nous poietikos) | Soul (psyche) and its faculties,RUN-20260408-204854-3A32
Agent Intellect (Nous Poietikos),On the Soul,Theophrastus,-300,Aristotle's successor's first systematic wrestling with nous thurathen problem—initiated the interpretive tradition struggling with whether rational intellect is natural or transcendent,,,referenced in 'Nous thurathen: between Theophrastus and Alexander of Aphrodisias',Agent Intellect (Nous Poietikos) | Soul (Psyche) And Its Faculties,Agent intellect (nous poietikos) | Soul (psyche) and its faculties,RUN-20260408-204854-3A32
Agent Intellect (Nous Poietikos),On the Intellect,Alexander of Aphrodisias,200,Interpreted agent intellect (nous poietikos) as external divine mind—profoundly influenced medieval debates on whether human rationality requires divine illumination,,,referenced in 'Nous thurathen: between Theophrastus and Alexander of Aphrodisias',Agent Intellect (Nous Poietikos) | Divine Intelligence And Cosmic Mind,Agent intellect (nous poietikos) | Divine intelligence and cosmic mind,RUN-20260408-204854-3A32
Agrarian Scale And Farm Size Economics,The Role of Agriculture in Economic Development,H. A. Oluwasanmi,1961,"Established agriculture as a distinct economic sector with development implications, laying groundwork for analyzing production systems comparatively",,,openalex,Agrarian Scale And Farm Size Economics | Rural Development And Smallholder Livelihoods,agrarian scale and farm size economics | rural development and smallholder livelihoods,RUN-20260407-183524-5F44
Agrarian Scale And Farm Size Economics,"Accelerating India's Food Grain Production, 1967-68 to 1970-71",Arthur B. Mackie; Donald Chrisler,1961,Early policy-oriented work confronting the challenge of raising productivity in small-scale systems — anticipating debates on mechanization and scale,,,googlebooks,Agrarian Scale And Farm Size Economics | Agricultural Mechanization And Technological Change,agrarian scale and farm size economics | agricultural mechanization and technological change,RUN-20260407-183524-5F44
Agrarian Scale And Farm Size Economics,DEFINING SMALL-SCALE FARMERS IN THE SOUTH AFRICAN CONTEXT,J. Kirsten; et al.,1998,Confronted the fundamental methodological problem — how to define 'small' and 'large' — essential to all comparative research,,,consensus,Agrarian Scale And Farm Size Economics | Agricultural Typologies And Classification Systems,agrarian scale and farm size economics | agricultural typologies and classification systems,RUN-20260407-183524-5F44
Agrarian Scale And Farm Size Economics,Subnational distribution of average farm size and smallholder contributions to global food production,Leah H. Samberg; et al.,2016,"First global-scale empirical mapping of farm size distribution and smallholder production, establishing the empirical reality underlying policy debates",,,consensus,Agrarian Scale And Farm Size Economics | Rural Development And Smallholder Livelihoods,agrarian scale and farm size economics | rural development and smallholder livelihoods,RUN-20260407-183524-5F44
Agrarian Scale And Farm Size Economics,Are Small Farms Sustainable by Nature?—Review of an Ongoing Misunderstanding in Agroecology,Roland Ebel,2020,"Challenged foundational assumption linking scale to sustainability, forcing explicit examination of the mechanisms rather than scale itself",,,consensus,Agrarian Scale And Farm Size Economics | Sustainability Measurement And Multi-Dimensional Assessment,agrarian scale and farm size economics | sustainability measurement and multi-dimensional assessment,RUN-20260407-183524-5F44
Agribusiness Systems And Industrial Integration,"Agribusiness: A New Concept (implied from Davis and Goldberg, 1957, referenced in Q2/WebSearch)",John H. Davis; Ray A. Goldberg,1957,Invented the intellectual category 'agribusiness' — the foundational concept defining agro-industrial integration,,,websearch,Agribusiness Systems And Industrial Integration,agribusiness systems and industrial integration,RUN-20260407-183524-5F44
Agribusiness Systems And Industrial Integration,"Globalisation, Localisation and Sustainable Livelihoods",Geoffrey Lawrence; Reidar Almas,2002,"Framed agriculture within globalization debates, establishing the structural context shaping small-scale versus industrial production",,,googlebooks,Agribusiness Systems And Industrial Integration | Rural Development And Smallholder Livelihoods,agribusiness systems and industrial integration | rural development and smallholder livelihoods,RUN-20260407-183524-5F44
Agricultural Mechanization And Technological Change,"Scaling agricultural mechanization services in smallholder farming systems: Case studies from sub-Saharan Africa, South Asia, and Latin America",J. Van Loon; et al.,2020,"Established that mechanization is not scale-neutral, showing why 1980s-90s technology transfer failed and what alternatives emerged",,,consensus,Agricultural Mechanization And Technological Change | Agrarian Scale And Farm Size Economics,agricultural mechanization and technological change | agrarian scale and farm size economics,RUN-20260407-183524-5F44
Agricultural Mechanization And Technological Change,Mechanization and sustainable agri-food system transformation in the Global South. A review,T. Daum,2023,"Synthesized mechanization's complex sustainability implications, moving beyond productivity to multi-dimensional assessment",,,consensus,Agricultural Mechanization And Technological Change | Sustainability Measurement And Multi-Dimensional Assessment,agricultural mechanization and technological change | sustainability measurement and multi-dimensional assessment,RUN-20260407-183524-5F44
Agricultural Typologies And Classification Systems,Typology and distribution of small farms in Europe: Towards a better picture,N. Guiomar; et al.,2018,"Challenged monolithic treatment of 'small farms,' establishing typological sophistication in categorizing production units",,,consensus,Agricultural Typologies And Classification Systems | Rural Development And Smallholder Livelihoods,agricultural typologies and classification systems | rural development and smallholder livelihoods,RUN-20260407-183524-5F44
Animal Intelligence And Boundary Problems,History of Animals,Aristotle,-343,"First systematic comparative study of animal cognition, establishing empirical foundation for intelligence as scalar property across species",,,Q4/WebSearch,Animal Intelligence And Boundary Problems | Hierarchy Of Being (Great Chain),Animal Intelligence and Boundary Problems | Hierarchy of Being (Great Chain),RUN-20260403-163541-19B2
Animal Intelligence And Boundary Problems,Discourse on Method,René Descartes,1637,"Made language the decisive mark of human intelligence absent in animals, establishing categorical human-animal cognitive divide in modern philosophy",,,Q7/WebSearch context,Animal Intelligence And Boundary Problems | Mechanical Vs Organic Intelligence,Animal Intelligence and Boundary Problems | Mechanical vs Organic Intelligence,RUN-20260403-163541-19B2
Animal Intelligence And Boundary Problems,A Treatise of Human Nature,David Hume,1739,"Dissolved substantive human rationality into associationist psychology, radically narrowing gap between human and animal cognition",,,Q7/WebSearch context,Animal Intelligence And Boundary Problems | Innate Vs Acquired Knowledge | Soul And Intellect (Psyche Vs Nous),Animal Intelligence and Boundary Problems | Innate vs Acquired Knowledge | Soul and Intellect (Psyche vs Nous),RUN-20260403-163541-19B2
Animal Intelligence And Boundary Problems,Critique of Practical Reason,Immanuel Kant,1788,"Made autonomous rational will defining feature of human intelligence, establishing moral dimension as human-specific cognitive capacity",,,Q9 context,Animal Intelligence And Boundary Problems | Divine Vs Human Intelligence,Animal Intelligence and Boundary Problems | Divine vs Human Intelligence,RUN-20260403-163541-19B2
Artificial And Collective Intelligence,Computing Machinery and Intelligence,Alan Turing,1950,Introduced artificial intelligence as possibility and functionalist criterion for intelligence — opened non-biological intelligence as philosophical category,,,Historical reference,Artificial And Collective Intelligence,artificial_and_collective_intelligence,RUN-20260403-163541-19B2
Artificial And Collective Intelligence,The Structure of Scientific Revolutions,Thomas S. Kuhn,1962,Challenged individualist rationalist model of intelligence — positioned understanding as socially embedded and historically contingent,,,Q7/OpenLibrary,Artificial And Collective Intelligence,artificial_and_collective_intelligence,RUN-20260403-163541-19B2
Artificial And Collective Intelligence,Intentionality,John R. Searle,1983,Challenged functionalist equivalence of biological and artificial intelligence — argued intentionality requires biological substrate,,,openalex,Artificial And Collective Intelligence | Embodied Situated Cognition,artificial_and_collective_intelligence | embodied_situated_cognition,RUN-20260403-163541-19B2
Artificial And Collective Intelligence,The Intentional Stance,Daniel C. Dennett,1987,Pragmatic reconception of intelligence as interpretive stance rather than intrinsic property — opened intelligence attribution to artifacts and collectives,,,openalex,Artificial And Collective Intelligence,artificial_and_collective_intelligence,RUN-20260403-163541-19B2
Artificial And Collective Intelligence,The sociology of philosophies: a global theory of intellectual change,Randall Collins,1999,Sociological reconception of philosophical intelligence as network phenomenon rather than individual genius — comparative global scope,,,Q7/OpenAlex,Artificial And Collective Intelligence,artificial_and_collective_intelligence,RUN-20260403-163541-19B2
Artificial And Collective Intelligence,"Philosophy, Mind, and Cognitive Inquiry",David J. Cole; J.H. Fetzer,2012,Synthetic treatment of intelligence across biological and artificial substrates within unified information-processing framework,,,Q1/GoogleBooks,Artificial And Collective Intelligence,artificial_and_collective_intelligence,RUN-20260403-163541-19B2
Artificial And Collective Intelligence,Multimodal Distributional Semantics,Elia Bruni; Nam K. Tran,2014,Demonstrates intelligence as pattern recognition in multimodal data — challenges traditional symbolic and representational accounts of meaning,,,Q3/OpenAlex,Artificial And Collective Intelligence,artificial_and_collective_intelligence,RUN-20260403-163541-19B2
Atomism And Material Intelligence,Atomist fragments,Democritus of Abdera,-420,First systematic materialist account of intelligence as emergent from atomic configurations—established naturalistic alternative to transcendent theories of nous,,,referenced in 'Democritean Conceptions in Brain Research' and 'Changing our minds: Democritus',Atomism And Material Intelligence | Soul (Psyche) And Its Faculties,Atomism and material intelligence | Soul (psyche) and its faculties,RUN-20260408-204854-3A32
Autonomy And Agency,Groundwork for the Metaphysics of Morals,Immanuel Kant,1785,Defined autonomy as rational self-legislation—normative foundation for evaluating AI's impact on human moral agency.,,,WebSearch (Q7),Autonomy And Agency | Meaning And Human Flourishing,Autonomy and Agency | Meaning and Human Flourishing,RUN-20260331-152508-D296
Categories Of Being,Categories,Aristotle,-350,First systematic ontological classification in Western philosophy—established conceptual architecture for categorizing all aspects of reality including mental capacities,,,multiple references in gathered sources,Categories Of Being,Categories of being,RUN-20260408-204854-3A32
Cognitive Development Self Concept,Identity: Youth and Crisis,Erik H. Erikson,1968,"Established identity formation as central developmental task and introduced the concept of identity crisis, showing that coherent self-understanding emerges through developmental stages and social-psychological synthesis",,,web_search,Cognitive Development Self Concept | Social Identity Group Membership,cognitive_development_self_concept | social_identity_group_membership,RUN-20260407-004936-0118
Cognitive Development Self Concept,"The Self-Concept: Theory, Measurement, Development and Behaviour",R. B. Burns,1979,"Synthesized self-concept research into systematic framework showing how self-understanding is multi-dimensional, develops across lifespan, and mediates between social experience and behavior",,,web_search,Cognitive Development Self Concept | Symbolic Interactionism Self Society,cognitive_development_self_concept | symbolic_interactionism_self_society,RUN-20260407-004936-0118
Consciousness And Intentionality,Intentionality,John R. Searle,1983,"Made intentionality the mark of genuine intelligence, challenging whether artificial systems possess real understanding",,,SOCIAL INTELLIGENCE sources,Consciousness And Intentionality | Mechanical Vs Organic Intelligence,Consciousness and Intentionality | Mechanical vs Organic Intelligence,RUN-20260403-163541-19B2
Consciousness And Intentionality,The Intentional Stance,Daniel C. Dennett,1987,"Made intelligence instrumental interpretive framework rather than ontological category, blurring human-animal-machine boundaries",,,SOCIAL INTELLIGENCE sources,Consciousness And Intentionality | Mechanical Vs Organic Intelligence | Animal Intelligence And Boundary Problems,Consciousness and Intentionality | Mechanical vs Organic Intelligence | Animal Intelligence and Boundary Problems,RUN-20260403-163541-19B2
Consciousness And Intentionality,The Conscious Mind: In Search of a Fundamental Theory,David Chalmers,1996,"Distinguished functional intelligence from phenomenal consciousness, questioning whether intelligence requires subjective experience",,,SOCIAL INTELLIGENCE sources,Consciousness And Intentionality | Mechanical Vs Organic Intelligence,Consciousness and Intentionality | Mechanical vs Organic Intelligence,RUN-20260403-163541-19B2
Consciousness And Phenomenal Experience,Education for Critical Consciousness,Paulo Freire,1973,Established consciousness as social and political praxis—challenges individualist/computational models underlying AI consciousness claims.,,,OpenAlex (Social Intelligence),Consciousness And Phenomenal Experience | Autonomy And Agency,Consciousness and Phenomenal Experience | Autonomy and Agency,RUN-20260331-152508-D296
Consciousness And Phenomenal Experience,"Black Feminist Thought: Knowledge, Consciousness, and the Politics of Empowerment",Patricia Hill Collins,1990,Established knowledge as socially situated and embodied—challenges universal/computational models of intelligence and consciousness.,,,OpenAlex (Social Intelligence),Consciousness And Phenomenal Experience | Embodiment And Situatedness,Consciousness and Phenomenal Experience | Embodiment and Situatedness,RUN-20260331-152508-D296
Consciousness And Phenomenal Experience,The Conscious Mind: In Search of a Fundamental Theory,David J. Chalmers,1996,Crystallized hard problem of consciousness—established that functional AI explanations cannot address phenomenal experience.,,,OpenAlex (Social Intelligence),Consciousness And Phenomenal Experience | Intentionality And Mental States,Consciousness and Phenomenal Experience | Intentionality and Mental States,RUN-20260331-152508-D296
Consciousness And Phenomenal Experience,The Feeling of What Happens: Body and Emotion in the Making of Consciousness,Antonio Damasio,2000,Established embodiment as necessary for consciousness—challenges disembodied AI's capacity for genuine subjective experience.,,,OpenAlex (Social Intelligence),Consciousness And Phenomenal Experience | Embodiment And Situatedness,Consciousness and Phenomenal Experience | Embodiment and Situatedness,RUN-20260331-152508-D296
Consciousness And Phenomenal Experience,The Blackwell Guide to Philosophy of Mind,Stephen P. Stich,2003,Authoritative survey integrating diverse philosophy of mind traditions—comprehensive foundation for AI consciousness debates.,,,OpenLibrary (Q1),Consciousness And Phenomenal Experience | Intentionality And Mental States,Consciousness and Phenomenal Experience | Intentionality and Mental States,RUN-20260331-152508-D296
Consciousness And Phenomenal Experience,"Other Minds: The Octopus, the Sea, and the Deep Origins of Consciousness",Peter Godfrey-Smith,2016,Demonstrated diverse evolutionary paths to intelligence—challenges anthropocentric criteria for evaluating machine minds.,,,OpenLibrary (Q1),Consciousness And Phenomenal Experience | Human Vs. Animal Cognition,Consciousness and Phenomenal Experience | Human vs. Animal Cognition,RUN-20260331-152508-D296
Consciousness And Self-Awareness,"The Vocabulary of Philosophy, Mental, Moral, and Metaphysical",William Fleming,1858,"Documented how philosophical concepts of mind and identity were understood in mid-19th century, pre-dating modern psychology",,,googlebooks,Consciousness And Self-Awareness | Personal Identity And Continuity,Consciousness and Self-Awareness | Personal Identity and Continuity,RUN-20260407-022355-242D
Consciousness And Self-Awareness,A Cognitive Theory of Consciousness,Bernard J. Baars,1988,Established global workspace theory linking consciousness to cognitive architecture,,,openalex,Consciousness And Self-Awareness | Intelligence Measurement And Psychometrics,Consciousness and Self-Awareness | Intelligence Measurement and Psychometrics,RUN-20260407-022355-242D
Consciousness And Self-Awareness,The Conscious Mind: In Search of a Fundamental Theory,David Chalmers,1996,Established the hard problem of consciousness as central philosophical challenge,,,openalex,Consciousness And Self-Awareness | Mind-Brain Identity Theory,Consciousness and Self-Awareness | Mind-Brain Identity Theory,RUN-20260407-022355-242D
Consciousness And Self-Awareness,The Feeling of What Happens: Body and Emotion in the Making of Consciousness,Antonio Damasio,2000,"Established embodied, emotion-based neuroscientific theory of consciousness and self",,,openalex,Consciousness And Self-Awareness | Personal Identity And Continuity,Consciousness and Self-Awareness | Personal Identity and Continuity,RUN-20260407-022355-242D
Consciousness And Self-Awareness,Encyclopedia of Consciousness,William P. Banks,2010,Encyclopedic synthesis of consciousness studies across disciplines,,,openalex,Consciousness And Self-Awareness | Mind-Brain Identity Theory,Consciousness and Self-Awareness | Mind-Brain Identity Theory,RUN-20260407-022355-242D
Consciousness Mind Body Problem,Meditations on First Philosophy,René Descartes,1641,"Established modern mind-body dualism and grounded personal identity in thinking substance (res cogitans), founding the philosophical tradition treating consciousness as metaphysically distinct from physical processes",,,openalex,Consciousness Mind Body Problem | Philosophical Identity Personal Continuity,consciousness_mind_body_problem | philosophical_identity_personal_continuity,RUN-20260407-004936-0118
Consciousness Mind Body Problem,Philosophy of Mind,Jaegwon Kim,1996,"Synthesized contemporary philosophy of mind including mental causation, functionalism, and the mind-body problem, providing systematic framework for understanding how mental capacities relate to physical substrate",,,openalex,Consciousness Mind Body Problem | Philosophical Identity Personal Continuity,consciousness_mind_body_problem | philosophical_identity_personal_continuity,RUN-20260407-004936-0118
Critical Consciousness And Liberation,Education for Critical Consciousness,Paulo Freire,1973,Established critical consciousness as identity-linked cognitive development for oppressed groups,,,openalex,Critical Consciousness And Liberation | Social Identity And Group Membership | Cognitive Development Theory,Critical Consciousness and Liberation | Social Identity and Group Membership | Cognitive Development Theory,RUN-20260407-022355-242D
Cultural Contextual Intelligence,The Structure of Scientific Revolutions,Thomas S. Kuhn,1962,"Established that scientific knowledge is paradigm-dependent and socially constructed, influencing later critiques that intelligence and identity are not natural kinds but conceptual frameworks shaped by social practices",,,web_search,Cultural Contextual Intelligence,cultural_contextual_intelligence,RUN-20260407-004936-0118
Dianoia And Discursive Reasoning,Prior Analytics,Aristotle,-350,"Invented formal logic and the syllogism—established deductive reasoning as systematic method distinct from division, foundational for all subsequent theories of rational intelligence",,,"referenced in 'Division, Syllogistic, and Science in Prior Analytics I.31'",Dianoia And Discursive Reasoning | Logos And Rational Discourse,Dianoia and discursive reasoning | Logos and rational discourse,RUN-20260408-204854-3A32
Dianoia And Discursive Reasoning,Commentary on Aristotle's De Anima,Proclus,450,Developed systematic Neoplatonic theory of dianoia as soul's self-division into logoi—established discursive reasoning as intermediate between unified divine nous and multiplicity of sensible world,,,referenced in 'The Soul and Discursive Reason in the Philosophy of Proclus',Dianoia And Discursive Reasoning | Logos And Rational Discourse,Dianoia and discursive reasoning | Logos and rational discourse,RUN-20260408-204854-3A32
Divine Intelligence And Cosmic Mind,Symposium,Plato,-385,Established the daemonic (daimonion) as intermediary between human and divine intelligence—foundational for understanding human cognition as participating in but distinct from divine nous,,,implied in discussions of daemonic and Diotima,Divine Intelligence And Cosmic Mind | Soul (Psyche) And Its Faculties,Divine intelligence and cosmic mind | Soul (psyche) and its faculties,RUN-20260408-204854-3A32
Divine Intelligence And Cosmic Mind,Timaeus,Plato,-360,Introduced cosmic intelligence (Demiurge) as ordering principle of nature—foundational for teleological views of intelligence in nature,,,implied in discussions of cosmic intelligence and demiurge,Divine Intelligence And Cosmic Mind | Nature (Physis) And Natural Order,Divine intelligence and cosmic mind | Nature (physis) and natural order,RUN-20260408-204854-3A32
Divine Intelligence And Cosmic Mind,Metaphysics,Aristotle,-350,Introduced the concept of divine intellect (nous theios) as pure thought thinking itself—established the apex of intelligence hierarchy against which all other forms are measured,,,implied in sources discussing hylomorphism and divine intellect,Divine Intelligence And Cosmic Mind | Hylomorphism And Form-Matter,Divine intelligence and cosmic mind | Hylomorphism and form-matter,RUN-20260408-204854-3A32
Divine Intelligence And Cosmic Mind,Enneads,Plotinus,270,Systematized Neoplatonic hierarchy with Nous as second hypostasis containing all Forms—established influential model of intelligence as emanation from transcendent unity,,,referenced in discussions of self-intellection and Neoplatonism,Divine Intelligence And Cosmic Mind | Nous And Rational Intellect,Divine intelligence and cosmic mind | Nous and rational intellect,RUN-20260408-204854-3A32
Divine Vs Human Intelligence,Republic,Plato,-380,Distinguished knowledge from opinion and established intellect's ascent toward Forms as path from human to divine cognition,,,Historical context from Q1/S2,Divine Vs Human Intelligence | Soul And Intellect (Psyche Vs Nous),Divine vs Human Intelligence | Soul and Intellect (Psyche vs Nous),RUN-20260403-163541-19B2
Divine Vs Human Intelligence,Timaeus,Plato,-360,"Established Platonic psychology with reason as divine spark in humans, creating foundational framework for human intelligence as participation in transcendent Nous",,,Q1/S2 and historical context,Divine Vs Human Intelligence | Soul And Intellect (Psyche Vs Nous),Divine vs Human Intelligence | Soul and Intellect (Psyche vs Nous),RUN-20260403-163541-19B2
Divine Vs Human Intelligence,Confessions,Augustine of Hippo,397,Christianized Platonic epistemology by making divine illumination necessary for human intellectual grasp of eternal truths,,,Q6/WebSearch context,Divine Vs Human Intelligence | Soul And Intellect (Psyche Vs Nous),Divine vs Human Intelligence | Soul and Intellect (Psyche vs Nous),RUN-20260403-163541-19B2
Divine Vs Human Intelligence,De Trinitate (On the Trinity),Augustine of Hippo,420,"Established human mind's triadic structure as imago Dei, making human intelligence definitionally theomorphic",,,Q6/WebSearch context,Divine Vs Human Intelligence | Soul And Intellect (Psyche Vs Nous),Divine vs Human Intelligence | Soul and Intellect (Psyche vs Nous),RUN-20260403-163541-19B2
Divine Vs Human Intelligence,The Consolation of Philosophy,Boethius,524,"Distinguished discursive human reason from God's eternal simultaneous knowledge, establishing temporal limitation as defining feature of human intelligence",,,Q6/WebSearch,Divine Vs Human Intelligence,Divine vs Human Intelligence,RUN-20260403-163541-19B2
Divine Vs Human Intelligence,Critique of Pure Reason,Immanuel Kant,1781,"Established human intelligence as finite discursive understanding requiring sensory input, fundamentally distinct from divine intellectual intuition",,,Q9/WebSearch,Divine Vs Human Intelligence | Innate Vs Acquired Knowledge,Divine vs Human Intelligence | Innate vs Acquired Knowledge,RUN-20260403-163541-19B2
Divine Vs Human Intelligence,Phenomenology of Spirit,Georg Wilhelm Friedrich Hegel,1807,"Historicized intelligence as dialectically developing Spirit, dissolving fixed categories into developmental process",,,Q9/WebSearch context,Divine Vs Human Intelligence | Soul And Intellect (Psyche Vs Nous),Divine vs Human Intelligence | Soul and Intellect (Psyche vs Nous),RUN-20260403-163541-19B2
Ecosystem Services And Environmental Externalities,EFFECTS OF BIODIVERSITY ON ECOSYSTEM FUNCTIONING: A CONSENSUS OF CURRENT KNOWLEDGE,David U. Hooper; F. Stuart Chapin,2005,"Established biodiversity as a measurable ecosystem function, foundational to environmental performance assessment in agriculture",,,openalex,Ecosystem Services And Environmental Externalities | Sustainability Measurement And Multi-Dimensional Assessment,ecosystem services and environmental externalities | sustainability measurement and multi-dimensional assessment,RUN-20260407-183524-5F44
Embodied And Extended Mind,The Feeling of What Happens: Body and Emotion in the Making of Consciousness,Antonio Damasio,2000,"Grounded consciousness and intelligence in embodied emotion, challenging Cartesian separation of reason from body and feeling",,,SOCIAL INTELLIGENCE sources,Embodied And Extended Mind | Consciousness And Intentionality | Mind-Body Problem,Embodied and Extended Mind | Consciousness and Intentionality | Mind-Body Problem,RUN-20260403-163541-19B2
Embodied Situated Cognition,Being and Time,Martin Heidegger,1927,Revolutionary reconception of intelligence as embedded practical engagement rather than detached cognition — challenged Cartesian subject-object framework,,,Historical reference,Embodied Situated Cognition,embodied_situated_cognition,RUN-20260403-163541-19B2
Embodied Situated Cognition,Phenomenology of Perception,Maurice Merleau-Ponty,1945,Established embodiment as constitutive of intelligence rather than mere instrument of mind — foundational for embodied cognition paradigm,,,Historical reference,Embodied Situated Cognition,embodied_situated_cognition,RUN-20260403-163541-19B2
Embodiment And Situatedness,Being and Time,Martin Heidegger,1927,Established human existence as fundamentally situated and world-embedded—philosophical foundation for embodied cognition critiques of AI.,,,GoogleBooks (Q7),Embodiment And Situatedness | Tool-User Ontology,Embodiment and Situatedness | Tool-User Ontology,RUN-20260331-152508-D296
Embodiment And Situatedness,The Fate of Place: A Philosophical History,Edward S. Casey,1997,Definitive philosophical history of 'place'—establishes 'place' as existential situatedness beyond functional role.,,,WebSearch (Q7),Embodiment And Situatedness | Tool-User Ontology,Embodiment and Situatedness | Tool-User Ontology,RUN-20260331-152508-D296
Essentialism Categorization,The Essential Child,Susan A. Gelman,2003,Demonstrated psychological essentialism as early cognitive bias — established that essentialist thinking about identity and intelligence is developmentally primitive,,,OpenAlex Q7,Essentialism Categorization,essentialism_categorization,RUN-20260407-004936-0118
Evolutionary Continuity,On the Origin of Species,Charles Darwin,1859,"Placed human intelligence on evolutionary continuum with animal cognition, undermining metaphysical human-animal divide",,,Q10/OpenAlex context,Evolutionary Continuity | Animal Intelligence And Boundary Problems | Hierarchy Of Being (Great Chain),Evolutionary Continuity | Animal Intelligence and Boundary Problems | Hierarchy of Being (Great Chain),RUN-20260403-163541-19B2
Evolutionary Continuity,The Descent of Man,Charles Darwin,1871,"Explicitly argued human intelligence evolved from animal cognition by degrees, naturalizing mind within biological continuity",,,Q10 context,Evolutionary Continuity | Animal Intelligence And Boundary Problems,Evolutionary Continuity | Animal Intelligence and Boundary Problems,RUN-20260403-163541-19B2
Evolutionary Continuity,Beyond Good and Evil,Friedrich Nietzsche,1886,"Naturalized reason as refined instinct serving will to power, undermining metaphysical status of human intelligence",,,Q3/OpenAlex and Q9/GoogleBooks,Evolutionary Continuity | Soul And Intellect (Psyche Vs Nous),Evolutionary Continuity | Soul and Intellect (Psyche vs Nous),RUN-20260403-163541-19B2
Evolutionary Continuity,On the Genealogy of Morals,Friedrich Nietzsche,1887,"Presented human rational consciousness as pathological product of social repression, not natural excellence",,,Q9 context,Evolutionary Continuity | Soul And Intellect (Psyche Vs Nous),Evolutionary Continuity | Soul and Intellect (Psyche vs Nous),RUN-20260403-163541-19B2
Evolutionary Naturalization,On the Origin of Species,Charles Darwin,1859,Revolutionary naturalization of intelligence as biological adaptation with continuous gradation across species — shattered metaphysical human-animal divide,,,Historical reference,Evolutionary Naturalization,evolutionary_naturalization,RUN-20260403-163541-19B2
Evolutionary Naturalization,The Descent of Man,Charles Darwin,1871,Direct challenge to human exceptionalism in intelligence — positioned human cognition as continuous with animal faculties through evolutionary mechanisms,,,Historical reference,Evolutionary Naturalization,evolutionary_naturalization,RUN-20260403-163541-19B2
Evolutionary Naturalization,The Expression of the Emotions in Man and Animals,Charles Darwin,1872,"Extended evolutionary continuity to affective and expressive dimensions of intelligence, challenging rationalist separation of reason from emotion and body",,,Historical reference,Evolutionary Naturalization | Embodied Situated Cognition,evolutionary_naturalization | embodied_situated_cognition,RUN-20260403-163541-19B2
Evolutionary Naturalization,The Principles of Psychology,William James,1890,"Established psychology as empirical science of intelligence and positioned cognitive capacities as embodied, adaptive functions rather than pure rational faculties",,,Historical reference,Evolutionary Naturalization | Psychological Measurement,evolutionary_naturalization | psychological_measurement,RUN-20260403-163541-19B2
Evolutionary Naturalization,Animal Intelligence,Edward Thorndike,1898,Founded comparative psychology and established experimental methods for measuring intelligence across species — operationalized intelligence as problem-solving behavior,,,Historical reference,Evolutionary Naturalization | Psychological Measurement,evolutionary_naturalization | psychological_measurement,RUN-20260403-163541-19B2
Evolutionary Naturalization,"The Growth of Biological Thought: Diversity, Evolution, and Inheritance",Ernst Mayr,1982,Synthesized evolutionary biology's conceptual history including naturalization of intelligence and mental capacities within population thinking and selection,,,Q7/OpenAlex,Evolutionary Naturalization,evolutionary_naturalization,RUN-20260403-163541-19B2
Evolutionary Naturalization,Using Neuroscience to Help Understand Fear and Anxiety: A Two-System Framework,Joseph E. LeDoux; Daniel S. Pine,2016,Neuroscientific grounding of emotional intelligence and species continuity in survival circuits — challenges purely rational models of intelligence,,,Q9/OpenAlex,Evolutionary Naturalization | Embodied Situated Cognition,evolutionary_naturalization | embodied_situated_cognition,RUN-20260403-163541-19B2
Evolutionary Naturalization,A critique of pure learning and what artificial neural networks can learn from animal brains,Anthony M. Zador,2019,Demonstrates evolutionary intelligence as genomically encoded priors enabling rapid learning — challenges blank slate empiricism in both biological and artificial intelligence,,,Q2/OpenAlex,Evolutionary Naturalization | Artificial And Collective Intelligence,evolutionary_naturalization | artificial_and_collective_intelligence,RUN-20260403-163541-19B2
Greek Nous And Dianoia,The Republic,Plato,-380,First systematic Western distinction between types of cognitive capacity based on objects known — established intelligence as grasp of immaterial universals versus material particulars,,,WebSearch historical reference,Greek Nous And Dianoia | Physis And Natural Order,greek_nous_and_dianoia | physis_and_natural_order,RUN-20260403-163541-19B2
Greek Nous And Dianoia,Nicomachean Ethics,Aristotle,-350,First systematic categorization of intelligence types by function and object — theoretical versus practical reason distinction foundational to Western philosophy,,,WebSearch historical reference,Greek Nous And Dianoia,greek_nous_and_dianoia,RUN-20260403-163541-19B2
Greek Nous And Dianoia,The Enneads,Plotinus,270,"Established metaphysical hierarchy of intelligence levels from divine Nous to human reasoning, framework adopted by Christian, Islamic, and Jewish medieval philosophy",,,Historical reference,Greek Nous And Dianoia | Medieval Intellect Synthesis,greek_nous_and_dianoia | medieval_intellect_synthesis,RUN-20260403-163541-19B2
Hierarchy Of Being (Great Chain),The Guide for the Perplexed,Moses Maimonides,1190,"Systematized medieval Jewish philosophy's hierarchy of intellects from human through angelic to divine, making human intelligence lowest rung on ladder of immaterial minds",,,Q5/GoogleBooks - Aquinas and Maimonides,Hierarchy Of Being (Great Chain) | Active Vs Passive Intellect | Divine Vs Human Intelligence,Hierarchy of Being (Great Chain) | Active vs Passive Intellect | Divine vs Human Intelligence,RUN-20260403-163541-19B2
Hierarchy Of Being (Great Chain),Summa contra Gentiles,Thomas Aquinas,1264,"Positioned human as ontological middle being — intellectual substance requiring body, bridging material and immaterial realms",,,Q6/GoogleBooks context,Hierarchy Of Being (Great Chain) | Mind-Body Problem | Animal Intelligence And Boundary Problems,Hierarchy of Being (Great Chain) | Mind-Body Problem | Animal Intelligence and Boundary Problems,RUN-20260403-163541-19B2
Hierarchy Of Being (Great Chain),Monadology,Gottfried Wilhelm Leibniz,1714,"Established graduated hierarchy of psychic substances from matter through animal soul to human spirit, restoring continuity while maintaining human rational exceptionalism",,,Q7/WebSearch context,Hierarchy Of Being (Great Chain) | Animal Intelligence And Boundary Problems | Innate Vs Acquired Knowledge,Hierarchy of Being (Great Chain) | Animal Intelligence and Boundary Problems | Innate vs Acquired Knowledge,RUN-20260403-163541-19B2
Hierarchy Of Being (Great Chain),The World as Will and Representation,Arthur Schopenhauer,1818,"Subordinated intellect to unconscious Will, making intelligence instrumental organ rather than essential human nature",,,Q9 context,Hierarchy Of Being (Great Chain) | Soul And Intellect (Psyche Vs Nous),Hierarchy of Being (Great Chain) | Soul and Intellect (Psyche vs Nous),RUN-20260403-163541-19B2
Hierarchy Of Being (Great Chain),Cosmos: A Sketch of a Physical Description of the Universe,Alexander von Humboldt,1850,"Positioned human intelligence within total cosmic system, pioneering holistic naturalism integrating human mind into physical nature",,,Q4/OpenAlex,Hierarchy Of Being (Great Chain) | Evolutionary Continuity,Hierarchy of Being (Great Chain) | Evolutionary Continuity,RUN-20260403-163541-19B2
Human Vs. Animal Cognition,The Origin of Species,Charles Darwin,1859,"Dissolved human/animal intelligence binary, establishing intelligence as spectrum—crucial for evaluating machine intelligence claims.",,,WebSearch (Q2),Human Vs. Animal Cognition | Intelligence As Abstraction And Problem-Solving,Human vs. Animal Cognition | Intelligence as Abstraction and Problem-Solving,RUN-20260331-152508-D296
Human Vs. Animal Cognition,Animal Intelligence: An Experimental Study of the Associative Processes in Animals,Edward L. Thorndike,1898,First experimental reduction of intelligence to mechanistic learning—precursor to behaviorist and computational models.,,,WebSearch (Q2),Human Vs. Animal Cognition | Intelligence As Abstraction And Problem-Solving,Human vs. Animal Cognition | Intelligence as Abstraction and Problem-Solving,RUN-20260331-152508-D296
Innate Vs Acquired Knowledge,An Essay Concerning Human Understanding,John Locke,1689,"Established empiricist epistemology rejecting innatism, making human intelligence product of experiential learning rather than divine pre-programming",,,Q7/WebSearch and Q8/GoogleBooks,Innate Vs Acquired Knowledge | Animal Intelligence And Boundary Problems,Innate vs Acquired Knowledge | Animal Intelligence and Boundary Problems,RUN-20260403-163541-19B2
Intellectual Virtues,Theaetetus,Plato,-369,First sustained philosophical investigation of the nature of knowledge (episteme) as distinct from perception and belief—established epistemology as central to understanding intelligence,,,implied in epistemology discussions,Intellectual Virtues | Sophia And Phronesis As Wisdom Forms,Intellectual virtues | Sophia and phronesis as wisdom forms,RUN-20260408-204854-3A32
Intellectual Virtues,Nicomachean Ethics,Aristotle,-350,First systematic classification of intellectual virtues and modes of knowledge—foundational distinction between theoretical and practical intelligence,,,multiple references in gathered sources,Intellectual Virtues | Sophia And Phronesis As Wisdom Forms | Nous And Rational Intellect,Intellectual virtues | Sophia and phronesis as wisdom forms | Nous and rational intellect,RUN-20260408-204854-3A32
Intellectual Virtues,Posterior Analytics,Aristotle,-350,Established demonstrative science (episteme apodeiktike) and the role of nous in grasping first principles—foundational for understanding scientific intelligence as distinct from empirical observation,,,implied in discussions of episteme and demonstration,Intellectual Virtues | Nous And Rational Intellect,Intellectual virtues | Nous and rational intellect,RUN-20260408-204854-3A32
Intelligence As Abstraction And Problem-Solving,Tao Te Ching,老子 (Laozi),-400,Established non-Western conception of intelligence as attunement rather than problem-solving—alternative foundation for evaluating AI.,,,OpenLibrary,Intelligence As Abstraction And Problem-Solving | Embodiment And Situatedness,Intelligence as Abstraction and Problem-Solving | Embodiment and Situatedness,RUN-20260331-152508-D296
Intelligence As Abstraction And Problem-Solving,"General Intelligence, Objectively Determined and Measured",Charles Spearman,1904,Established g-factor theory—foundational to psychometric intelligence measurement and debates about AI general vs. narrow intelligence.,,,WebSearch (Q3),Intelligence As Abstraction And Problem-Solving | Multiple Forms Of Intelligence,Intelligence as Abstraction and Problem-Solving | Multiple Forms of Intelligence,RUN-20260331-152508-D296
Intelligence As Abstraction And Problem-Solving,Computing Machinery and Intelligence,Alan Turing,1950,Established behavioral/functional test for machine intelligence—foundational shift from metaphysics to pragmatics in AI.,,,WebSearch (Q4),Intelligence As Abstraction And Problem-Solving | Intentionality And Mental States,Intelligence as Abstraction and Problem-Solving | Intentionality and Mental States,RUN-20260331-152508-D296
Intelligence As Abstraction And Problem-Solving,Intelligence: Knowns and Unknowns,American Psychological Association Board of Scientific Affairs,1995,Authoritative consensus definition integrating diverse traditions—benchmark for evaluating AI capabilities against human intelligence.,,,WebSearch (Q1),Intelligence As Abstraction And Problem-Solving | Multiple Forms Of Intelligence,Intelligence as Abstraction and Problem-Solving | Multiple Forms of Intelligence,RUN-20260331-152508-D296
Intelligence As Abstraction And Problem-Solving,Artificial Intelligence: A Modern Approach,Stuart J. Russell; Peter Norvig,1995,Canonical textbook defining modern AI paradigm—established rational agent framework dominating contemporary AI research.,,,WebSearch (Q4),Intelligence As Abstraction And Problem-Solving | Prediction And Control,Intelligence as Abstraction and Problem-Solving | Prediction and Control,RUN-20260331-152508-D296
Intelligence As Concept,Metaphors of Mind,Robert J. Sternberg,1990,Meta-analysis revealing how conceptual metaphors structure intelligence theories — demonstrated multiplicity of incompatible intelligence frameworks,,,Q1/GoogleBooks,Intelligence As Concept,intelligence_as_concept,RUN-20260403-163541-19B2
Intelligence Measurement And Psychometrics,General Intelligence Objectively Determined and Measured,Charles Spearman,1904,"Established general intelligence (g) as a measurable construct, founding modern psychometrics of intelligence",,,web_search,Intelligence Measurement And Psychometrics,Intelligence Measurement and Psychometrics,RUN-20260407-022355-242D
Intelligence Measurement And Psychometrics,The Intelligence Test Desk Reference (ITDR): Gf-Gc Cross-Battery Assessment,Kevin S. McGrew; Dawn P. Flanagan,1998,Synthesized Gf-Gc hierarchical intelligence theory with assessment practice,,,openalex,Intelligence Measurement And Psychometrics,Intelligence Measurement and Psychometrics,RUN-20260407-022355-242D
Intelligence Measurement Controversy,General Intelligence Objectively Determined and Measured,Charles Spearman,1904,"Introduced g-factor theory and statistical foundations of psychometric intelligence — established intelligence as a general, quantifiable cognitive capacity",,,WebSearch Q2,Intelligence Measurement Controversy,intelligence_measurement_controversy,RUN-20260407-004936-0118
Intelligence Measurement Controversy,The Social Construction of Facts and Artefacts: or How the Sociology of Science and the Sociology of Technology might Benefit Each Other,Trevor Pinch; Wiebe E. Bijker,1984,Established empirical program for studying scientific knowledge as social construction — foundational for questioning whether intelligence is discovered or constructed,,,OpenAlex Q6,Intelligence Measurement Controversy,intelligence_measurement_controversy,RUN-20260407-004936-0118
Intelligence Measurement Controversy,Handbook of Competence and Motivation,Andrew J. Elliot; Carol S. Dweck,2013,Synthesized competence and motivation research positioning competence (related to intelligence) as core motivational construct,,,OpenAlex Q7,Intelligence Measurement Controversy | Self Concept Development,intelligence_measurement_controversy | self_concept_development,RUN-20260407-004936-0118
Intentionality And Mental Content,Intentionality,John R. Searle,1983,Established modern philosophical framework for intentionality and mental representation,,,openalex,Intentionality And Mental Content | Consciousness And Self-Awareness,Intentionality and Mental Content | Consciousness and Self-Awareness,RUN-20260407-022355-242D
Intentionality And Mental Content,The Intentional Stance,Daniel C. Dennett,1987,Established intentional stance as interpretive framework for understanding minds and agency,,,openalex,Intentionality And Mental Content | Consciousness And Self-Awareness,Intentionality and Mental Content | Consciousness and Self-Awareness,RUN-20260407-022355-242D
Intentionality And Mental States,Intentionality,John R. Searle,1983,Established intrinsic vs. derived intentionality distinction—core argument that AI systems lack genuine mental states.,,,OpenAlex (Social Intelligence),Intentionality And Mental States | Consciousness And Phenomenal Experience,Intentionality and Mental States | Consciousness and Phenomenal Experience,RUN-20260331-152508-D296
Intentionality And Mental States,The Intentional Stance,Daniel C. Dennett,1987,Functionalist account allowing intentional attribution to AI—direct philosophical counter to Searle's intrinsic intentionality requirement.,,,OpenAlex (Social Intelligence),Intentionality And Mental States | Prediction And Control,Intentionality and Mental States | Prediction and Control,RUN-20260331-152508-D296
Intentionality And Mental States,Views into the Chinese Room: New Essays on Searle and Artificial Intelligence,John Preston; Mark Bishop,2002,Comprehensive examination of Chinese Room argument—central debate on whether AI can possess genuine understanding.,,,GoogleBooks (Q6),Intentionality And Mental States | Intelligence As Abstraction And Problem-Solving,Intentionality and Mental States | Intelligence as Abstraction and Problem-Solving,RUN-20260331-152508-D296
Land Use And Resource Allocation Efficiency,Foreign Agricultural Economic Report series (United States Department of Agriculture. Economic Research Service),United States Department of Agriculture. Economic Research Service,1961,"Institutionalized cross-national agricultural comparison, creating data infrastructure for scale and system comparisons",,,googlebooks,Land Use And Resource Allocation Efficiency | Agricultural Typologies And Classification Systems,land use and resource allocation efficiency | agricultural typologies and classification systems,RUN-20260407-183524-5F44
Land Use And Resource Allocation Efficiency,Global Agro-ecological Assessment for Agriculture in the 21st Century: Methodology and Results,G. Fischer; H.T. van Velthuizen,2002,Established methodological foundations for spatial and ecological assessment of agricultural systems — enabling context-specific comparisons,,,openalex,Land Use And Resource Allocation Efficiency | Ecosystem Services And Environmental Externalities,land use and resource allocation efficiency | ecosystem services and environmental externalities,RUN-20260407-183524-5F44
Land Use And Resource Allocation Efficiency,Concepts of agricultural marginal lands and their utilisation: A review,Nándor Csikós; et al.,2023,"Demonstrated that 'marginal' is historically contingent, not fixed — relevant to understanding how scale and viability are defined",,,consensus,Land Use And Resource Allocation Efficiency | Agricultural Typologies And Classification Systems,land use and resource allocation efficiency | agricultural typologies and classification systems,RUN-20260407-183524-5F44
Meaning And Human Flourishing,Man's Search for Meaning,Viktor Frankl,1946,Established meaning-seeking as core human need—normative foundation for evaluating AI's place relative to human purpose.,,,WebSearch (Q8),Meaning And Human Flourishing | Autonomy And Agency,Meaning and Human Flourishing | Autonomy and Agency,RUN-20260331-152508-D296
Mechanical Vs Organic Intelligence,A History of Transhumanist Thought,Nick Bostrom,2005,"Documented historical continuity from ancient enhancement dreams to contemporary AI debates, showing perennial human desire to transcend natural intelligence limits",,,Q2/OpenAlex,Mechanical Vs Organic Intelligence | Divine Vs Human Intelligence,Mechanical vs Organic Intelligence | Divine vs Human Intelligence,RUN-20260403-163541-19B2
Mechanism And Mind,Discourse on Method,René Descartes,1637,Introduced language test for intelligence and hardened human-animal divide based on rational flexibility versus mechanical determination,,,Historical reference,Mechanism And Mind,mechanism_and_mind,RUN-20260403-163541-19B2
Mechanism And Mind,Meditations on First Philosophy,René Descartes,1641,Revolutionary rupture positioning intelligence outside mechanical Nature entirely — established modern problem of how immaterial mind relates to material world,,,Historical reference,Mechanism And Mind,mechanism_and_mind,RUN-20260403-163541-19B2
Mechanism And Mind,An Essay Concerning Human Understanding,John Locke,1690,Naturalized intelligence as empirical psychological capacity rather than metaphysical substance — opened intelligence to scientific study and individual variation,,,Historical reference,Mechanism And Mind | Intelligence As Concept,mechanism_and_mind | intelligence_as_concept,RUN-20260403-163541-19B2
Mechanism And Mind,Critique of Pure Reason,Immanuel Kant,1781,Most systematic modern categorization of cognitive faculties — distinguished types of intelligence by logical function rather than metaphysical substance,,,Historical reference,Mechanism And Mind | Intelligence As Concept,mechanism_and_mind | intelligence_as_concept,RUN-20260403-163541-19B2
Mechanism And Mind,The Conscious Mind: In Search of a Fundamental Theory,David Chalmers,1996,Sharpened distinction between functional intelligence and phenomenal consciousness — repositioned consciousness within natural ontology,,,openalex,Mechanism And Mind | Intelligence As Concept,mechanism_and_mind | intelligence_as_concept,RUN-20260403-163541-19B2
Medieval Intellect Synthesis,De Trinitate (On the Trinity),Augustine of Hippo,400,"Established divine illumination as requirement for human knowledge, positioning human intelligence as necessarily dependent on and inferior to divine intelligence",,,Historical reference,Medieval Intellect Synthesis,medieval_intellect_synthesis,RUN-20260403-163541-19B2
Medieval Intellect Synthesis,Kitab al-Shifa (The Book of Healing),Ibn Sina (Avicenna),1027,"Introduced agent intellect as separate cosmic intelligence, fundamentally repositioning human intelligence as receptive rather than self-sufficient — transmitted to Latin West",,,Q5/WebSearch: Medieval Islamic Philosophy,Medieval Intellect Synthesis,medieval_intellect_synthesis,RUN-20260403-163541-19B2
Medieval Intellect Synthesis,Tahafut al-Falasifa (The Incoherence of the Philosophers),Al-Ghazali,1095,"Major challenge to Greek rationalist confidence in human intelligence, establishing tension between philosophical reason and revealed wisdom that shaped medieval debates",,,Historical reference,Medieval Intellect Synthesis,medieval_intellect_synthesis,RUN-20260403-163541-19B2
Medieval Intellect Synthesis,Guide for the Perplexed (Dalalat al-Ha'irin),Moses Maimonides,1190,"Systematic hierarchy of intelligence levels from potentiality to prophetic actualization, integrating Greek categories with Abrahamic revelation framework",,,Q5/WebSearch: Medieval Jewish Philosophy,Medieval Intellect Synthesis,medieval_intellect_synthesis,RUN-20260403-163541-19B2
Medieval Intellect Synthesis,Summa Theologiae,Thomas Aquinas,1274,"Most influential medieval categorization of intelligence hierarchy: divine, angelic, human rational, animal sensitive — framework dominating Western thought until modernity",,,Historical reference,Medieval Intellect Synthesis | Soul Intellect Hierarchy,medieval_intellect_synthesis | soul_intellect_hierarchy,RUN-20260403-163541-19B2
Mind-Body Problem,Parts of Animals,Aristotle,-350,Established hylomorphic framework connecting bodily form to psychic function — precursor to embodied cognition theories,,,Q4/WebSearch,Mind-Body Problem | Animal Intelligence And Boundary Problems,Mind-Body Problem | Animal Intelligence and Boundary Problems,RUN-20260403-163541-19B2
Mind-Body Problem,Parva naturalia,Aristotle,-350,"Pioneered psycho-physical investigation of cognitive functions, establishing framework for understanding intelligence as embodied phenomenon",,,Q4/WebSearch,Mind-Body Problem | Soul And Intellect (Psyche Vs Nous),Mind-Body Problem | Soul and Intellect (Psyche vs Nous),RUN-20260403-163541-19B2
Mind-Body Problem,Meditations on First Philosophy,René Descartes,1641,"Established substance dualism and mechanical philosophy, radically separating human rational soul from animal mechanisms and inaugurating modern mind-body problem",,,Q7/WebSearch,Mind-Body Problem | Mechanical Vs Organic Intelligence | Animal Intelligence And Boundary Problems | Innate Vs Acquired Knowledge,Mind-Body Problem | Mechanical vs Organic Intelligence | Animal Intelligence and Boundary Problems | Innate vs Acquired Knowledge,RUN-20260403-163541-19B2
Mind-Body Problem,Ethics,Baruch Spinoza,1677,"Dissolved mind-body dualism into dual-aspect monism, making human intelligence finite mode of God's infinite thought rather than separate substance",,,Q7/OpenAlex and WebSearch,Mind-Body Problem | Divine Vs Human Intelligence,Mind-Body Problem | Divine vs Human Intelligence,RUN-20260403-163541-19B2
Mind-Body Problem,Being and Time,Martin Heidegger,1927,"Displaced theoretical intellect from primary position, making practical worldly engagement foundational to human understanding",,,Q11 context from general knowledge,Mind-Body Problem | Embodied And Extended Mind | Consciousness And Intentionality,Mind-Body Problem | Embodied and Extended Mind | Consciousness and Intentionality,RUN-20260403-163541-19B2
Mind-Brain Identity Theory,Is Consciousness a Brain Process?,U.T. Place,1956,First major defense of mind-brain identity theory in 20th century analytic philosophy,,,web_search,Mind-Brain Identity Theory | Consciousness And Self-Awareness,Mind-Brain Identity Theory | Consciousness and Self-Awareness,RUN-20260407-022355-242D
Mind-Brain Identity Theory,The Mind-brain Identity Theory,C. V. Borst,1970,Collected foundational papers establishing type-identity and token-identity positions in philosophy of mind,,,openlibrary,Mind-Brain Identity Theory | Consciousness And Self-Awareness,Mind-Brain Identity Theory | Consciousness and Self-Awareness,RUN-20260407-022355-242D
Mind-Brain Identity Theory,Philosophy of Mind,Jaegwon Kim,1996,Authoritative synthesis of philosophy of mind establishing core problems and positions,,,openalex,Mind-Brain Identity Theory | Consciousness And Self-Awareness | Intentionality And Mental Content,Mind-Brain Identity Theory | Consciousness and Self-Awareness | Intentionality and Mental Content,RUN-20260407-022355-242D
Mind-Brain Identity Theory,The Blackwell Guide to Philosophy of Mind,Stephen P. Stich; Ted A. Warfield,2003,Authoritative handbook establishing contemporary philosophy of mind landscape,,,openlibrary,Mind-Brain Identity Theory | Consciousness And Self-Awareness | Intentionality And Mental Content,Mind-Brain Identity Theory | Consciousness and Self-Awareness | Intentionality and Mental Content,RUN-20260407-022355-242D
Mind-Brain Identity Theory,Mental Causation and the Metaphysics of Mind,Neil Campbell,2003,Comprehensive treatment of mental causation problem central to mind-body relationship,,,googlebooks,Mind-Brain Identity Theory | Consciousness And Self-Awareness,Mind-Brain Identity Theory | Consciousness and Self-Awareness,RUN-20260407-022355-242D
Mind-Brain Identity Theory,Mind and Causality,Alberto Peruzzi,2004,Addressed causal mechanisms linking mind to physical processes without reduction,,,googlebooks,Mind-Brain Identity Theory | Intentionality And Mental Content,Mind-Brain Identity Theory | Intentionality and Mental Content,RUN-20260407-022355-242D
Mind-Brain Identity Theory,Neither Brain nor Ghost,W. Teed Rockwell,2005,Challenged both identity theory and dualism with embodied cognition approach,,,openlibrary,Mind-Brain Identity Theory | Consciousness And Self-Awareness,Mind-Brain Identity Theory | Consciousness and Self-Awareness,RUN-20260407-022355-242D
Multiple Forms Of Intelligence,Frames of Mind: The Theory of Multiple Intelligences,Howard Gardner,1983,Shattered unitary intelligence model—raised question of which intelligences AI can embody and which remain human.,,,OpenLibrary (Q2),Multiple Forms Of Intelligence | Intelligence As Abstraction And Problem-Solving,Multiple Forms of Intelligence | Intelligence as Abstraction and Problem-Solving,RUN-20260331-152508-D296
Narrative Identity,Poetics,Aristotle,-335,"Established narrative as fundamental to human meaning-making, foundational for later narrative identity theory",,,openlibrary,Narrative Identity,Narrative Identity,RUN-20260407-022355-242D
Narrative Identity,Narrative Identity,Dan McAdams,1985,"Established narrative identity as a theoretical framework, founding the narrative approach to selfhood",,,web_search,Narrative Identity | Personal Identity And Continuity,Narrative Identity | Personal Identity and Continuity,RUN-20260407-022355-242D
Narrative Identity,The Routledge International Handbook on Narrative and Life History,Ivor Goodson; Ari Antikainen,2016,Documented interdisciplinary turn to narrative as central to identity construction,,,googlebooks,Narrative Identity | Personal Identity And Continuity,Narrative Identity | Personal Identity and Continuity,RUN-20260407-022355-242D
Narrative Selfhood,Poetics,Aristotle,-335,Established narrative coherence and character identity as temporal unity of action — foundational for understanding identity through storytelling,,,OpenLibrary Q6,Narrative Selfhood,narrative_selfhood,RUN-20260407-004936-0118
Narrative Selfhood,Practical Identity and Narrative Agency,Kim Atkins; Catriona Mackenzie,2013,Established practical identity as distinct from metaphysical identity — shifted focus to evaluative self-conception and agency,,,OpenAlex Q3,Narrative Selfhood | Personal Identity Persistence,narrative_selfhood | personal_identity_persistence,RUN-20260407-004936-0118
Nature (Physis) And Natural Order,Physics,Aristotle,-350,Defined physis (nature) as internal principle of motion and rest—established the framework for understanding intelligence as naturally arising capacity versus externally imposed form,,,referenced in discussions of physis and natural philosophy,Nature (Physis) And Natural Order | Hylomorphism And Form-Matter,Nature (physis) and natural order | Hylomorphism and form-matter,RUN-20260408-204854-3A32
Nature (Physis) And Natural Order,On the Parts of Animals,Aristotle,-350,Established teleological biology and functional analysis of living forms—foundational for understanding intelligence as natural capacity serving biological ends across species,,,implied in biological discussions,Nature (Physis) And Natural Order | Soul (Psyche) And Its Faculties,Nature (physis) and natural order | Soul (psyche) and its faculties,RUN-20260408-204854-3A32
Nature (Physis) And Natural Order,History of Animals,Aristotle,-350,First systematic comparative zoology—provided empirical basis for graduated scala naturae with intelligence distributed hierarchically from simpler to more complex organisms,,,implied in biological discussions,Nature (Physis) And Natural Order | Soul (Psyche) And Its Faculties,Nature (physis) and natural order | Soul (psyche) and its faculties,RUN-20260408-204854-3A32
Nous And Rational Intellect,Commentary on Aristotle's De Anima,Sophonias,1300,Byzantine preservation and Neoplatonic interpretation of Aristotelian psychology—transmitted ancient debates on nous and psyche to medieval and Renaissance thinkers,,,referenced in 'The Truth in Aristotle and Sophonias',Nous And Rational Intellect | Soul (Psyche) And Its Faculties,Nous and rational intellect | Soul (psyche) and its faculties,RUN-20260408-204854-3A32
Personal Identity And Continuity,An Essay Concerning Human Understanding,John Locke,1690,"Established memory and consciousness as the basis of personal identity, founding psychological approaches to selfhood",,,web_search,Personal Identity And Continuity | Consciousness And Self-Awareness,Personal Identity and Continuity | Consciousness and Self-Awareness,RUN-20260407-022355-242D
Personal Identity And Continuity,Eight Stages of Man,Erik Erikson,1950,"Established identity formation as a developmental process with psychosocial stages, founding modern identity development theory",,,web_search,Personal Identity And Continuity | Cognitive Development Theory | Social Identity And Group Membership,Personal Identity and Continuity | Cognitive Development Theory | Social Identity and Group Membership,RUN-20260407-022355-242D
Personal Identity And Continuity,Self and Identity,Daniel Kolak; Raymond Martin,1991,Major collection establishing the contemporary philosophical landscape of personal identity debates,,,openlibrary,Personal Identity And Continuity | Consciousness And Self-Awareness,Personal Identity and Continuity | Consciousness and Self-Awareness,RUN-20260407-022355-242D
Personal Identity And Continuity,Problems in Personal Identity,James Baillie,1993,"Synthesized major problems in personal identity, establishing core conceptual puzzles in the field",,,openlibrary,Personal Identity And Continuity | Consciousness And Self-Awareness,Personal Identity and Continuity | Consciousness and Self-Awareness,RUN-20260407-022355-242D
Personal Identity And Continuity,A Value-Belief-Norm Theory of Support for Social Movements: The Case of Environmentalism,Paul C. Stern; Thomas Dietz,1999,Established value-belief-norm chain linking identity-based values to cognition and action,,,openalex,Personal Identity And Continuity | Social Identity And Group Membership,Personal Identity and Continuity | Social Identity and Group Membership,RUN-20260407-022355-242D
Personal Identity And Continuity,Personal Identity and Self-Consciousness,Brian Garrett,2002,"Synthesized personal identity metaphysics with value theory, linking identity to mattering",,,googlebooks,Personal Identity And Continuity | Consciousness And Self-Awareness,Personal Identity and Continuity | Consciousness and Self-Awareness,RUN-20260407-022355-242D
Personal Identity And Continuity,Handbook of Eudaimonic Well-Being,Joar Vittersø,2016,Synthesized philosophical and empirical approaches to well-being and human flourishing,,,googlebooks,Personal Identity And Continuity | Cognitive Development Theory,Personal Identity and Continuity | Cognitive Development Theory,RUN-20260407-022355-242D
Personal Identity Persistence,An Essay Concerning Human Understanding,John Locke,1689,First systematic philosophical account of personal identity as psychological continuity — established identity as a forensic concept tied to consciousness and memory rather than material or spiritual substance,,,OpenLibrary Q4,Personal Identity Persistence,personal_identity_persistence,RUN-20260407-004936-0118
Personal Identity Persistence,Varieties of Moral Personality: Ethics and Psychological Realism,Owen Flanagan; Jennifer Whiting,1993,Established principle of minimal psychological realism — moral and identity theories must be constrained by actual human psychology,,,OpenAlex Q3,Personal Identity Persistence,personal_identity_persistence,RUN-20260407-004936-0118
Personal Identity Persistence,Encyclopedia of Identity,Ronald L. Jackson; Michael A. Hogg,2010,Most comprehensive reference work on identity across disciplines — established baseline for what counts as identity scholarship,,,GoogleBooks Q3,Personal Identity Persistence | Social Identity Formation | Narrative Selfhood,personal_identity_persistence | social_identity_formation | narrative_selfhood,RUN-20260407-004936-0118
Personal Identity Persistence,Self to Self: Selected Essays,J. David Velleman,2020,Argued against unified self — claimed 'self' denotes multiple functional roles rather than single entity,,,OpenAlex Q3,Personal Identity Persistence,personal_identity_persistence,RUN-20260407-004936-0118
Philosophical Identity Personal Continuity,An Essay Concerning Human Understanding,John Locke,1690,"Established memory-based psychological continuity as the criterion for personal identity, founding the philosophical tradition that identity is constituted by mental states rather than substance",,,web_search,Philosophical Identity Personal Continuity | Consciousness Mind Body Problem,philosophical_identity_personal_continuity | consciousness_mind_body_problem,RUN-20260407-004936-0118
Philosophical Identity Personal Continuity,Essays on the Intellectual Powers of Man,Thomas Reid,1785,Critiqued Locke's memory criterion and established the philosophical problem of whether identity can be reduced to psychological relations or requires non-reducible metaphysical substrate,,,web_search,Philosophical Identity Personal Continuity,philosophical_identity_personal_continuity,RUN-20260407-004936-0118
Philosophical Mind Body Identity,Philosophiae Naturalis Principia Mathematica,Isaac Newton,1687,Established mechanistic natural philosophy that made mind-body identity theories conceptually possible by demonstrating mathematical laws governing physical processes,,,OpenLibrary Q6,Philosophical Mind Body Identity,philosophical_mind_body_identity,RUN-20260407-004936-0118
Philosophical Mind Body Identity,A Historical Introduction to the Philosophy of Mind,Peter A. Morton,1996,Comprehensive historical introduction showing how mind-brain identity theory emerged from earlier philosophical problems,,,GoogleBooks Q4,Philosophical Mind Body Identity,philosophical_mind_body_identity,RUN-20260407-004936-0118
Philosophical Mind Body Identity,Natural Minds,Thomas W. Polger,2004,Contemporary defense of mind-brain identity theory against multiple realization — revived philosophical identity theory by addressing its most serious objection,,,OpenAlex Q5,Philosophical Mind Body Identity,philosophical_mind_body_identity,RUN-20260407-004936-0118
Philosophical Mind Body Identity,Neither Brain nor Ghost: A Nondualist Alternative to the Mind-Brain Identity Theory,W. Teed Rockwell,2005,Established embodied-embedded alternative to mind-brain identity theory — argued mental phenomena emerge from brain-body-world nexus,,,OpenAlex Q5,Philosophical Mind Body Identity,philosophical_mind_body_identity,RUN-20260407-004936-0118
Physis And Natural Order,Physics,Aristotle,-350,Defined physis as self-organizing principle and established natural hierarchy based on degree of form and actuality — framework persisting through medieval period,,,Q4/GoogleBooks: Commentary on Aristotle's Physics (2003),Physis And Natural Order,physis_and_natural_order,RUN-20260403-163541-19B2
Prediction And Control,Long Short-Term Memory,Sepp Hochreiter; Jürgen Schmidhuber,1997,Solved fundamental neural network limitation—architectural foundation for modern LLMs and deep learning AI.,,,WebSearch (Q6),Prediction And Control | Intelligence As Abstraction And Problem-Solving,Prediction and Control | Intelligence as Abstraction and Problem-Solving,RUN-20260331-152508-D296
Prediction And Control,Hierarchical Bayesian Inference in the Visual Cortex,Tai Sing Lee; David B. Mumford,2003,Established hierarchical Bayesian framework for vision—computational bridge between biological and artificial visual intelligence.,,,OpenAlex (Q5),Prediction And Control | Intelligence As Abstraction And Problem-Solving,Prediction and Control | Intelligence as Abstraction and Problem-Solving,RUN-20260331-152508-D296
Prediction And Control,"Whatever Next? Predictive Brains, Situated Agents, and the Future of Cognitive Science",Andy Clark,2013,Established predictive processing as brain's fundamental architecture—reveals core similarity and difference with AI pattern recognition.,,,OpenAlex (Q5),Prediction And Control | Embodiment And Situatedness,Prediction and Control | Embodiment and Situatedness,RUN-20260331-152508-D296
Psychological Measurement,The Measurement of Intelligence,Lewis Terman,1916,Established psychometric paradigm treating intelligence as unitary measurable quantity — dominated educational and psychological practice throughout 20th century,,,Historical reference,Psychological Measurement,psychological_measurement,RUN-20260403-163541-19B2
Psychological Measurement,The Nature of Intelligence and the Principles of Cognition,Charles Spearman,1923,Introduced factor-analytic approach and g-factor theory — established debate over unitary versus multiple intelligences dominating psychometrics,,,Historical reference,Psychological Measurement,psychological_measurement,RUN-20260403-163541-19B2
Psychometric Intelligence Structure,General Intelligence Objectively Determined and Measured,Charles E. Spearman,1904,"Invented factor analysis and established 'g' (general intelligence) as the dominant psychometric construct, founding the scientific measurement tradition that treats intelligence as unitary and trait-like",,,web_search,Psychometric Intelligence Structure,psychometric_intelligence_structure,RUN-20260407-004936-0118
Psychometric Intelligence Structure,The Measurement of Intelligence,Lewis M. Terman,1916,"Standardized intelligence testing through the Stanford-Binet scale and popularized IQ measurement, establishing psychometric intelligence as institutionalized educational and social sorting mechanism",,,web_search,Psychometric Intelligence Structure | Cultural Contextual Intelligence,psychometric_intelligence_structure | cultural_contextual_intelligence,RUN-20260407-004936-0118
Psychometric Intelligence Structure,The Measurement of Intelligence: An Explanation of and a Complete Guide for the Use of the Stanford Revision and Extension of the Binet-Simon Intelligence Scale,Lewis M. Terman,1916,"Provided complete standardization of intelligence testing including norms and protocols, institutionalizing psychometric intelligence as tool for educational sorting and triggering enduring debates about testing bias",,,web_search,Psychometric Intelligence Structure | Cultural Contextual Intelligence,psychometric_intelligence_structure | cultural_contextual_intelligence,RUN-20260407-004936-0118
Psychometric Intelligence Structure,The Intelligence of School Children,Lewis M. Terman,1919,"Applied standardized intelligence testing to educational settings, embedding psychometric measurement in institutional tracking systems and establishing intelligence testing as educational gatekeeping mechanism",,,web_search,Psychometric Intelligence Structure | Cultural Contextual Intelligence,psychometric_intelligence_structure | cultural_contextual_intelligence,RUN-20260407-004936-0118
Psychometric Intelligence Structure,The Nature of Intelligence,Lewis M. Terman,1921,"Early symposium revealing that even founding psychometricians lacked consensus on intelligence definition, establishing persistent conceptual ambiguity at the heart of intelligence research",,,web_search,Psychometric Intelligence Structure,psychometric_intelligence_structure,RUN-20260407-004936-0118
Psychometric Intelligence Structure,The Abilities of Man: Their Nature and Measurement,Charles E. Spearman,1927,Elaborated two-factor theory of intelligence (g + s factors) providing mathematical foundations for factor analysis and establishing the psychometric tradition of modeling intelligence structure through correlational methods,,,web_search,Psychometric Intelligence Structure,psychometric_intelligence_structure,RUN-20260407-004936-0118
Psychometric Intelligence Structure,Primary Mental Abilities,Louis L. Thurstone,1938,"Challenged Spearman's unitary g by identifying multiple independent primary mental abilities, establishing pluralist psychometric models and launching enduring debate between unitary and multiple intelligence theories",,,web_search,Psychometric Intelligence Structure,psychometric_intelligence_structure,RUN-20260407-004936-0118
Psychometric Intelligence Structure,The Organization of Behavior: A Neuropsychological Theory,Donald O. Hebb,1949,"Proposed that intelligence emerges from experientially shaped neural organization (cell assemblies), founding neuroscientific approaches to intelligence that ground cognition in plastic neural mechanisms rather than fixed capacity",,,web_search,Psychometric Intelligence Structure | Consciousness Mind Body Problem,psychometric_intelligence_structure | consciousness_mind_body_problem,RUN-20260407-004936-0118
Psychometric Intelligence Structure,A Study of Thinking,Jerome S. Bruner; Jacqueline J. Goodnow; George A. Austin,1956,"Founded cognitive psychology by demonstrating that thinking involves active strategies for organizing information, shifting psychology from behaviorism to study of internal mental representations and processes",,,web_search,Psychometric Intelligence Structure | Cognitive Development Self Concept,psychometric_intelligence_structure | cognitive_development_self_concept,RUN-20260407-004936-0118
Psychometric Intelligence Structure,The Measurement and Appraisal of Adult Intelligence,David Wechsler,1958,"Defined intelligence as aggregate capacity for purposeful, rational action in environment rather than pure cognitive ability, establishing functional-adaptive approach and Verbal-Performance IQ distinction",,,web_search,Psychometric Intelligence Structure | Cultural Contextual Intelligence,psychometric_intelligence_structure | cultural_contextual_intelligence,RUN-20260407-004936-0118
Psychometric Intelligence Structure,Frames of Mind: The Theory of Multiple Intelligences,Howard Gardner,1983,"Challenged unitary psychometric intelligence by proposing multiple independent intelligences grounded in neuroscience and cultural practices, establishing radical pluralist alternative to g theory",,,web_search,Psychometric Intelligence Structure | Cultural Contextual Intelligence,psychometric_intelligence_structure | cultural_contextual_intelligence,RUN-20260407-004936-0118
Psychometric Intelligence Structure,The intelligence test desk reference (ITDR): Gf-Gc cross-battery assessment,Kevin S. McGrew; Dawn P. Flanagan,1998,"Synthesized Cattell-Horn-Carroll theory as consensus psychometric framework organizing intelligence into hierarchical structure of broad and narrow abilities, establishing standard taxonomy for contemporary intelligence assessment",,,openalex,Psychometric Intelligence Structure,psychometric_intelligence_structure,RUN-20260407-004936-0118
Psychometric Intelligence Structure,The Cattell-Horn-Carroll Theory of Cognitive Abilities,Dawn P. Flanagan; Shauna G. Dixon,2014,"Established CHC theory as most comprehensive psychometric model organizing intelligence into three-stratum hierarchy (general, broad, narrow abilities), synthesizing major factor-analytic traditions",,,openalex,Psychometric Intelligence Structure,psychometric_intelligence_structure,RUN-20260407-004936-0118
Role Identity Commitment,The Nature of the Firm,Ronald H. Coase,1937,Established transaction cost theory explaining why bounded identities (firms) exist rather than continuous markets — foundational for understanding identity as functional boundary,,,OpenAlex Q6,Role Identity Commitment,role_identity_commitment,RUN-20260407-004936-0118
Role Identity Commitment,Notes on the Concept of Commitment,Howard S. Becker,1960,Introduced side-bet theory explaining how identity commitments are maintained through accumulated investments — foundational for understanding identity as behavioral constraint,,,OpenAlex Q6,Role Identity Commitment,role_identity_commitment,RUN-20260407-004936-0118
Rural Development And Smallholder Livelihoods,The rural non-farm sector: issues and evidence from developing countries,Jean O. Lanjouw,2001,"Expanded understanding of rural economies beyond pure agriculture, contextualizing small-scale farming within broader livelihood systems",,,openalex,Rural Development And Smallholder Livelihoods | Agribusiness Systems And Industrial Integration,rural development and smallholder livelihoods | agribusiness systems and industrial integration,RUN-20260407-183524-5F44
Self Concept Development,Human Nature and the Social Order,Charles H. Cooley,1902,Introduced the looking-glass self mechanism — first systematic account of how identity is constructed through reflected appraisals from others,,,WebSearch Q5,Self Concept Development,self_concept_development,RUN-20260407-004936-0118
Self Concept Development,"Mind, Self and Society",George H. Mead,1934,Established symbolic interactionism and the social genesis of self — foundational for understanding identity as emergent from social processes rather than innate essence,,,WebSearch Q5,Self Concept Development | Social Identity Formation,self_concept_development | social_identity_formation,RUN-20260407-004936-0118
Self Concept Development,Development Through the Lifespan,Laura E. Berk,1997,Comprehensive synthesis of developmental psychology showing identity and cognition as intertwined developmental processes,,,OpenAlex Q9,Self Concept Development,self_concept_development,RUN-20260407-004936-0118
Self Concept Development,Moral Identity and Developmental Theory,Daniel K. Lapsley,2015,Established developmental account of moral identity drawing on Frankfurt's personhood theory — linked identity to what persons care about,,,OpenAlex Q8,Self Concept Development,self_concept_development,RUN-20260407-004936-0118
Social Epistemology And Standpoint Theory,Situated Knowledges: The Science Question in Feminism and the Privilege of Partial Perspective,Donna Haraway,1988,Established situated knowledges—that identity position constitutes epistemic standpoint,,,openalex,Social Epistemology And Standpoint Theory | Social Identity And Group Membership,Social Epistemology and Standpoint Theory | Social Identity and Group Membership,RUN-20260407-022355-242D
Social Epistemology And Standpoint Theory,"Black Feminist Thought: Knowledge, Consciousness, and the Politics of Empowerment",Patricia Hill Collins,1990,Established standpoint epistemology showing how identity categories constitute epistemic positions,,,openalex,Social Epistemology And Standpoint Theory | Social Identity And Group Membership | Consciousness And Self-Awareness,Social Epistemology and Standpoint Theory | Social Identity and Group Membership | Consciousness and Self-Awareness,RUN-20260407-022355-242D
Social Identity And Group Membership,Social Identity Theory,Henri Tajfel; John Turner,1979,"Established social identity as derived from group membership, founding social identity tradition in psychology",,,web_search,Social Identity And Group Membership | Personal Identity And Continuity,Social Identity and Group Membership | Personal Identity and Continuity,RUN-20260407-022355-242D
Social Identity And Group Membership,Self-Categorization Theory,John Turner,1985,Established mechanisms by which social categorization shapes cognitive processes,,,web_search,Social Identity And Group Membership | Consciousness And Self-Awareness,Social Identity and Group Membership | Consciousness and Self-Awareness,RUN-20260407-022355-242D
Social Identity And Group Membership,Rethinking Racism: Toward a Structural Interpretation,Eduardo Bonilla-Silva,1997,Established structural racism theory showing how racial categories shape social-cognitive systems,,,openalex,Social Identity And Group Membership | Social Epistemology And Standpoint Theory,Social Identity and Group Membership | Social Epistemology and Standpoint Theory,RUN-20260407-022355-242D
Social Identity And Group Membership,The Quest for Collective Identity: The Plight of Disadvantaged Ethnic Minorities,Donald M. Taylor,1997,Established link between ethnic minority identity and academic/cognitive underachievement,,,openalex,Social Identity And Group Membership | Intelligence Measurement And Psychometrics,Social Identity and Group Membership | Intelligence Measurement and Psychometrics,RUN-20260407-022355-242D
Social Identity And Group Membership,Women and Human Development,Martha C. Nussbaum,2000,Established capabilities approach linking human identity and development to universal capacities,,,openalex,Social Identity And Group Membership | Cognitive Development Theory,Social Identity and Group Membership | Cognitive Development Theory,RUN-20260407-022355-242D
Social Identity And Group Membership,Identity and Interaction: A Sociocultural Linguistic Approach,Mary Bucholtz; Kira Hall,2005,"Established identity as interactionally produced through linguistic practice, not internal essence",,,openalex,Social Identity And Group Membership | Narrative Identity,Social Identity and Group Membership | Narrative Identity,RUN-20260407-022355-242D
Social Identity And Group Membership,Toward an African Moral Theory,Thaddeus Metz,2007,"Established African communal identity as foundation for moral theory, challenging Western individualism",,,openalex,Social Identity And Group Membership | Personal Identity And Continuity,Social Identity and Group Membership | Personal Identity and Continuity,RUN-20260407-022355-242D
Social Identity And Group Membership,Encyclopedia of Identity,Ronald L. Jackson II,2010,Comprehensive documentation of identity as socially constructed across multiple dimensions,,,googlebooks,Social Identity And Group Membership | Personal Identity And Continuity | Narrative Identity,Social Identity and Group Membership | Personal Identity and Continuity | Narrative Identity,RUN-20260407-022355-242D
Social Identity Formation,Social Psychology of Identities,Judith A. Howard,2000,Synthesized cognitive and interactionist approaches to identity — bridged psychological and sociological traditions,,,OpenAlex Q8,Social Identity Formation | Self Concept Development,social_identity_formation | self_concept_development,RUN-20260407-004936-0118
Social Identity Formation,From Social to Political Identity: A Critical Examination of Social Identity Theory,Leonie Huddy,2001,Distinguished social identity theory from identity theory and examined mechanisms of identity-to-behavior pathways — critical for clarifying theoretical frameworks,,,OpenAlex Q4,Social Identity Formation,social_identity_formation,RUN-20260407-004936-0118
Social Identity Formation,"Ethnic Identity, Immigration, and Well‐Being: An Interactional Perspective",Jean S. Phinney; Gabriel Horenczyk,2001,Established interactional model of ethnic identity and context — demonstrated identity effects depend on person-environment interaction,,,OpenAlex Q4,Social Identity Formation,social_identity_formation,RUN-20260407-004936-0118
Social Identity Formation,"Social Identity, Self-Categorization, and the Communication of Group Norms",Michael A. Hogg; Scott A. Reid,2006,Articulated prototype-based mechanisms of social identity theory — established how group membership shapes cognition through norm representation,,,OpenAlex Q8,Social Identity Formation,social_identity_formation,RUN-20260407-004936-0118
Social Identity Formation,Handbook of Identity Theory and Research,Seth J. Schwartz; Koen Luyckx,2011,"Most comprehensive synthesis of identity theory across psychological, sociological, and interdisciplinary traditions — established definitional landscape",,,GoogleBooks Q4,Social Identity Formation | Self Concept Development | Personal Identity Persistence,social_identity_formation | self_concept_development | personal_identity_persistence,RUN-20260407-004936-0118
Social Identity Group Membership,Social Identity and Intergroup Relations,Henri Tajfel,1982,"Founded Social Identity Theory showing that self-concept derives partly from group memberships, establishing that identity operates at both personal and collective levels and drives intergroup cognition and behavior",,,web_search,Social Identity Group Membership | Symbolic Interactionism Self Society,social_identity_group_membership | symbolic_interactionism_self_society,RUN-20260407-004936-0118
Sophia And Phronesis As Wisdom Forms,Apology,Plato,-399,Introduced Socratic daimonion and the examined life—established critical self-knowledge and awareness of ignorance as foundational to true wisdom (sophia),,,implied in Socratic references to daimonion,Sophia And Phronesis As Wisdom Forms | Divine Intelligence And Cosmic Mind,Sophia and phronesis as wisdom forms | Divine intelligence and cosmic mind,RUN-20260408-204854-3A32
Soul (Psyche) And Its Faculties,Republic,Plato,-380,Established tripartite psychology and the ascent from sensible to intelligible cognition through dialectic—foundational for hierarchical models of intelligence,,,implied in sources discussing division and forms,Soul (Psyche) And Its Faculties | Sophia And Phronesis As Wisdom Forms,Soul (psyche) and its faculties | Sophia and phronesis as wisdom forms,RUN-20260408-204854-3A32
Soul (Psyche) And Its Faculties,Phaedo,Plato,-380,"Introduced recollection (anamnesis) theory—established innate knowledge and soul's pre-existence, foundational for rationalist accounts of intelligence as distinct from empirical learning",,,implied in discussions of soul and immortality,Soul (Psyche) And Its Faculties | Intellectual Virtues,Soul (psyche) and its faculties | Intellectual virtues,RUN-20260408-204854-3A32
Soul (Psyche) And Its Faculties,De Anima (On the Soul),Aristotle,-350,Established the tripartite division of soul faculties and introduced the agent intellect (nous poietikos) 'coming from without'—foundational for all subsequent debates on mind-body relation and human rationality,,,multiple references in gathered sources,Soul (Psyche) And Its Faculties | Agent Intellect (Nous Poietikos) | Nous And Rational Intellect,Soul (psyche) and its faculties | Agent intellect (nous poietikos) | Nous and rational intellect,RUN-20260408-204854-3A32
Soul And Intellect (Psyche Vs Nous),De Anima (On the Soul),Aristotle,-350,"Established foundational tripartite taxonomy of psychic functions and positioned human rational intellect as highest natural form, one step below divine intelligence",,,Historical reference in Q3/Q4 searches,Soul And Intellect (Psyche Vs Nous) | Hierarchy Of Being (Great Chain) | Animal Intelligence And Boundary Problems,Soul and Intellect (Psyche vs Nous) | Hierarchy of Being (Great Chain) | Animal Intelligence and Boundary Problems,RUN-20260403-163541-19B2
Soul And Intellect (Psyche Vs Nous),Nicomachean Ethics,Aristotle,-350,"Distinguished practical from theoretical intelligence and established contemplative intellect as highest human activity, approaching divine thought",,,Q3/GoogleBooks,Soul And Intellect (Psyche Vs Nous) | Divine Vs Human Intelligence,Soul and Intellect (Psyche vs Nous) | Divine vs Human Intelligence,RUN-20260403-163541-19B2
Soul Intellect Hierarchy,De Anima (On the Soul),Aristotle,-350,Established the tripartite soul hierarchy and intellect as form-grasping capacity that became foundational for all subsequent Western categorizations of intelligence,,,WebSearch historical reference,Soul Intellect Hierarchy | Greek Nous And Dianoia,soul_intellect_hierarchy | greek_nous_and_dianoia,RUN-20260403-163541-19B2
Stereotype Threat Identity Performance,Stereotype Threat and the Intellectual Test Performance of African Americans,Claude M. Steele; Joshua Aronson,1995,"Demonstrated that situationally activating stigmatized social identities causally impairs intellectual performance, establishing direct mechanism linking identity to measured intelligence and challenging trait models",,10.1037/0022-3514.69.5.797,web_search,Stereotype Threat Identity Performance | Social Identity Group Membership | Psychometric Intelligence Structure,stereotype_threat_identity_performance | social_identity_group_membership | psychometric_intelligence_structure,RUN-20260407-004936-0118
Sustainability Measurement And Multi-Dimensional Assessment,Measurement of sustainability in agriculture: a review of indicators,L. Latruffe; et al.,2016,"Synthesized two decades of sustainability measurement research, establishing the state of the art in operationalizing sustainability for agricultural systems",,,consensus,Sustainability Measurement And Multi-Dimensional Assessment | Agricultural Typologies And Classification Systems,sustainability measurement and multi-dimensional assessment | agricultural typologies and classification systems,RUN-20260407-183524-5F44
Sustainability Measurement And Multi-Dimensional Assessment,Quantitative assessment of agricultural sustainability reveals divergent priorities among nations,Xin Zhang; et al.,2021,"Operationalized three-pillar sustainability framework at national scale, establishing measurement protocols for multi-dimensional assessment",,,consensus,Sustainability Measurement And Multi-Dimensional Assessment | Land Use And Resource Allocation Efficiency,sustainability measurement and multi-dimensional assessment | land use and resource allocation efficiency,RUN-20260407-183524-5F44
Sustainability Measurement And Multi-Dimensional Assessment,A Systematic Review of Agricultural Sustainability Indicators,A. Bathaei; et al.,2023,"Most recent comprehensive synthesis of sustainability indicator research, documenting the state of measurement science",,,consensus,Sustainability Measurement And Multi-Dimensional Assessment | Agricultural Typologies And Classification Systems,sustainability measurement and multi-dimensional assessment | agricultural typologies and classification systems,RUN-20260407-183524-5F44
Symbolic Interactionism Self Society,"Mind, Self and Society",George Herbert Mead,1934,"Established that self is not innate but emerges through social interaction and role-taking, founding symbolic interactionism and the view that identity is socially constructed rather than individual essence",,,web_search,Symbolic Interactionism Self Society | Social Identity Group Membership,symbolic_interactionism_self_society | social_identity_group_membership,RUN-20260407-004936-0118
Symbolic Interactionism Self Society,Self and Society: A Symbolic Interactionist Social Psychology,John P. Hewitt,1976,"Synthesized symbolic interactionism into systematic framework showing how identity emerges through social interaction, role performance, and situated meaning-making in institutional life",,,openalex,Symbolic Interactionism Self Society | Social Identity Group Membership,symbolic_interactionism_self_society | social_identity_group_membership,RUN-20260407-004936-0118
Symbolic Interactionism Self Society,From Mead to a Structural Symbolic Interactionism and Beyond,Sheldon Stryker,2008,"Developed structural symbolic interactionism linking identity processes to social structure, establishing identity salience hierarchy as mechanism connecting self-concept to situational behavior",,,openalex,Symbolic Interactionism Self Society | Social Identity Group Membership,symbolic_interactionism_self_society | social_identity_group_membership,RUN-20260407-004936-0118
Symbolic Interactionism Self Society,Identity Theory,Peter J. Burke; Jan E. Stets,2009,"Systematized identity theory showing how identities operate as control systems that verify self-meanings through interaction and motivate behavior, establishing comprehensive framework for identity-behavior relationship",,,google_books,Symbolic Interactionism Self Society | Social Identity Group Membership,symbolic_interactionism_self_society | social_identity_group_membership,RUN-20260407-004936-0118
Symbolic Interactionism Self Society,Contemporary Social Psychological Theories,Peter J. Burke; Jan E. Stets,2020,"Comprehensive synthesis of contemporary social psychological theories including identity theory's place among major theoretical frameworks, establishing identity as cognitive schema organizing self-relevant information",,,openalex,Symbolic Interactionism Self Society | Social Identity Group Membership,symbolic_interactionism_self_society | social_identity_group_membership,RUN-20260407-004936-0118
Universal Vs Individual Intellect,Tafsir (Commentary on Aristotle's De Anima),Averroes (Ibn Rushd),1174,"Proposed single universal intellect shared by all humanity, dissolving individual human intelligence into cosmic rational principle",,,Q5/GoogleBooks - Averroes on Intellect,Universal Vs Individual Intellect | Active Vs Passive Intellect | Divine Vs Human Intelligence,Universal vs Individual Intellect | Active vs Passive Intellect | Divine vs Human Intelligence,RUN-20260403-163541-19B2
Universal Vs Individual Intellect,Summa Theologiae,Thomas Aquinas,1274,Established Thomistic synthesis giving each human individual rational soul while maintaining hierarchical gradation from human discursive to angelic intuitive to divine intellect,,,Q5/WebSearch and Q6/GoogleBooks,Universal Vs Individual Intellect | Hierarchy Of Being (Great Chain) | Mind-Body Problem | Active Vs Passive Intellect,Universal vs Individual Intellect | Hierarchy of Being (Great Chain) | Mind-Body Problem | Active vs Passive Intellect,RUN-20260403-163541-19B2
